{"cameraMode":{"drawMode":0,"name":"Shaded","section":"Shading Mode"},"sceneLighting":true,"audioPlay":false,"sceneViewState":{"showFog":true,"showMaterialUpdate":false,"showSkybox":true,"showFlares":true,"showImageEffects":true,"showParticleSystems":true},"in2DMode":false,"pivot":{"x":8.958465576171875,"y":9.401422500610352,"z":-3.1846745014190676},"rotation":{"x":0.22629842162132264,"y":-0.29375141859054568,"z":0.07178881764411926,"w":0.9259463548660278},"size":9.334125518798829,"orthographic":false}