{"cameraMode":{"drawMode":0,"name":"Shaded","section":"Shading Mode"},"sceneLighting":true,"audioPlay":false,"sceneViewState":{"showFog":true,"showMaterialUpdate":false,"showSkybox":true,"showFlares":true,"showImageEffects":true,"showParticleSystems":true},"in2DMode":false,"pivot":{"x":2.1683077812194826,"y":4.972218036651611,"z":-7.146152496337891},"rotation":{"x":-0.2608678936958313,"y":-0.13036751747131349,"z":0.03566887602210045,"w":-0.9558879137039185},"size":2.8578836917877199,"orthographic":false}