{"cameraMode":{"drawMode":0,"name":"Shaded","section":"Shading Mode"},"sceneLighting":true,"audioPlay":false,"sceneViewState":{"showFog":true,"showMaterialUpdate":false,"showSkybox":true,"showFlares":true,"showImageEffects":true,"showParticleSystems":true},"in2DMode":false,"pivot":{"x":9.160536766052246,"y":7.0915327072143559,"z":5.188852787017822},"rotation":{"x":0.10731565207242966,"y":-0.2833980321884155,"z":0.03192557394504547,"w":0.9524602293968201},"size":10.276082992553711,"orthographic":false}