{"cameraMode":{"drawMode":0,"name":"Shaded","section":"Shading Mode"},"sceneLighting":true,"audioPlay":false,"sceneViewState":{"showFog":true,"showMaterialUpdate":false,"showSkybox":true,"showFlares":true,"showImageEffects":true,"showParticleSystems":true},"in2DMode":false,"pivot":{"x":0.46653518080711367,"y":1.8273520469665528,"z":1.1573760509490967},"rotation":{"x":0.2617693245410919,"y":-0.017371371388435365,"z":0.00471210153773427,"w":0.9649649262428284},"size":11.848495483398438,"orthographic":false}