{"cameraMode":{"drawMode":0,"name":"Shaded","section":"Shading Mode"},"sceneLighting":true,"audioPlay":false,"sceneViewState":{"showFog":true,"showMaterialUpdate":false,"showSkybox":true,"showFlares":true,"showImageEffects":true,"showParticleSystems":true},"in2DMode":false,"pivot":{"x":-0.7150630950927734,"y":1.4029502868652344,"z":-1.1802387237548829},"rotation":{"x":0.3474076986312866,"y":0.021095898002386094,"z":-0.007818328216671944,"w":0.9374461770057678},"size":11.848495483398438,"orthographic":false}