{"cameraMode":{"drawMode":0,"name":"Shaded","section":"Shading Mode"},"sceneLighting":true,"audioPlay":false,"sceneViewState":{"showFog":true,"showMaterialUpdate":false,"showSkybox":true,"showFlares":true,"showImageEffects":true,"showParticleSystems":true},"in2DMode":false,"pivot":{"x":-2.5963432788848879,"y":13.799469947814942,"z":-10.790228843688965},"rotation":{"x":-0.38864392042160036,"y":-0.024606576189398767,"z":0.010362888686358929,"w":-0.9210357069969177},"size":9.334125518798829,"orthographic":false}